worm,precision,recall,f1_score
sub-230928-03_ses-20230928T142700_ophys,0.5090090087797257,0.7337662332897622,0.6010637811028784
sub-231013-01_ses-20231013T093000_ophys,0.38596491214527545,0.7096774188969823,0.4999999541374008
sub-230928-02_ses-20230928T111400_ophys,0.5048076920649963,0.6687898084912167,0.5753424164143408
sub-2308918-03_ses-20230918T132100_ophys,0.41999999983200004,0.7046979861042295,0.5263157424136824
sub-230928-04_ses-20230928T160000_ophys,0.6037735845259286,0.6399999995733333,0.6213591729412175
sub-231013-02_ses-20231013T111100_ophys,0.4006968639718826,0.7055214719598027,0.5111110646804979
sub-2308918-01_ses-20230918T095400_ophys,0.5307262566867451,0.6333333329111112,0.5775075488216153
sub-2308918-04_ses-20230918T172100_ophys,0.4727272725123967,0.6666666662393163,0.5531914405160748
sub-231013-03_ses-20231013T132800_ophys,0.4904761902426304,0.6688311683968629,0.5659340168065493
