worm,precision,recall,f1_score
sub-230928-03_ses-20230928T142700_ophys,0.4864864862673484,0.7012987008433126,0.5744680364361743
sub-231013-01_ses-20231013T093000_ophys,0.3543859647879347,0.6516129028054111,0.45909086324690535
sub-230928-02_ses-20230928T111400_ophys,0.45673076901118714,0.6050955410158627,0.5205478958964205
sub-2308918-03_ses-20230918T132100_ophys,0.39999999984,0.6711409391468853,0.5012530857846413
sub-230928-04_ses-20230928T160000_ophys,0.5345911946323326,0.566666666288889,0.5501617619840643
sub-231013-02_ses-20231013T111100_ophys,0.348432055627724,0.613496932138959,0.4444443980434616
sub-2308918-01_ses-20230918T095400_ophys,0.41899441317374614,0.4999999996666667,0.4559270017830636
sub-2308918-04_ses-20230918T172100_ophys,0.39090909073140495,0.5512820509286653,0.45744675971593995
sub-231013-03_ses-20231013T132800_ophys,0.4476190474058957,0.6103896099932535,0.516483467383171
