Filename,Best_template,top1,top2,top3,top4,top5,cost,task
6,2,0.6991150442477876,0.7522123893805309,0.7964601769911505,0.8053097345132744,0.8053097345132744,5.059727407060778,train_wo_HL
7,9,0.7863247863247863,0.8803418803418803,0.9316239316239316,0.9401709401709402,0.9401709401709402,4.530505466513405,train_wo_HL
5,4,0.8373983739837398,0.8943089430894309,0.926829268292683,0.926829268292683,0.943089430894309,4.473999590990275,train_wo_HL
4,1,0.819672131147541,0.8852459016393442,0.8934426229508197,0.9016393442622952,0.9016393442622952,4.122530598849446,train_wo_HL
1,4,0.831858407079646,0.8761061946902655,0.9026548672566372,0.9026548672566372,0.9203539823008848,3.9670134338641714,train_wo_HL
3,9,0.7350427350427351,0.8547008547008547,0.9316239316239316,0.9316239316239316,0.9316239316239316,4.029027660009726,train_wo_HL
2,1,0.768595041322314,0.8264462809917356,0.8842975206611571,0.8925619834710744,0.8925619834710744,4.334872733532532,train_wo_HL
9,3,0.768,0.84,0.888,0.888,0.888,3.9850766417542896,train_wo_HL
8,9,0.711864406779661,0.8220338983050848,0.8813559322033898,0.9067796610169492,0.9067796610169492,4.114911897118625,train_wo_HL
