worm,precision,recall,f1_score
sub-230928-03_ses-20230928T142700_ophys,0.6319999994944,0.5129870126539046,0.5663081938618508
sub-231013-01_ses-20231013T093000_ophys,0.37142857107482996,0.25161290306347556,0.299999951618351
sub-230928-02_ses-20230928T111400_ophys,0.36458333295355905,0.2229299361637389,0.2766797945851445
sub-2308918-03_ses-20230918T132100_ophys,0.43529411713494814,0.24832214748434756,0.3162392697092624
sub-230928-04_ses-20230928T160000_ophys,0.24999999977678572,0.18666666654222222,0.21374040890392124
sub-231013-02_ses-20231013T111100_ophys,0.38211382082754974,0.2883435581053107,0.32867127941953883
sub-2308918-01_ses-20230918T095400_ophys,0.23636363614876035,0.17333333321777777,0.19999995102959775
