worm,precision,recall,f1_score
sub-7_ophys,0.36329588001374685,0.8290598283512309,0.505208290699602
sub-8_ophys,0.4380952378866213,0.7796610162884229,0.5609755633477134
sub-1_ophys,0.2745098038318595,0.7433628312005639,0.40095461435512825
sub-9_ophys,0.3571428570085929,0.759999999392,0.4859334600898776
sub-2_ophys,0.25454545446831955,0.6942148754593266,0.37250550380972
sub-5_ophys,0.33208955211489194,0.7235772351840836,0.4552429233953245
sub-3_ophys,0.2392473117636432,0.7606837600336037,0.3640081434068981
sub-6_ophys,0.25588235286591693,0.7699115037434412,0.3841059226505696
sub-4_ophys,0.26249999991796874,0.6885245895995701,0.38009045759915244
