worm,precision,recall,f1_score
sub-7_ophys,0.4194756552736046,0.9572649564467821,0.5833332906589115
sub-8_ophys,0.5142857140408164,0.9152542365124965,0.6585365388979807
sub-1_ophys,0.32679738551411847,0.8849557514292428,0.47732692935447263
sub-9_ophys,0.4172932329258296,0.8879999992896,0.5677748922730784
sub-2_ophys,0.33939393929109274,0.9256198339457687,0.49667401816707213
sub-5_ophys,0.39552238791211847,0.8617886171855378,0.5421994450899754
sub-3_ophys,0.29032258056711757,0.9230769222879684,0.4417177548270571
sub-6_ophys,0.2999999999117647,0.9026548664578276,0.4503310881842445
sub-4_ophys,0.3249999998984375,0.8524590156947057,0.47058819511476346
