worm,precision,recall,f1_score
sub-7_ophys,0.8117647049273357,0.5897435892395354,0.6831682674100612
sub-8_ophys,0.6635514012490175,0.6016949147443263,0.6311110606696336
sub-1_ophys,0.5447761189964357,0.6460176985433472,0.5910930672917152
sub-9_ophys,0.7326732666013136,0.5919999995264,0.6548672066215089
sub-2_ophys,0.5851851847517147,0.6528925614438905,0.6171874496673624
sub-5_ophys,0.5222929932979026,0.6666666661246613,0.5857142360331674
sub-3_ophys,0.5519480515896441,0.72649572587479,0.6273062235318184
sub-6_ophys,0.5067567564143536,0.663716813571932,0.5747125941369077
sub-4_ophys,0.5736434104080284,0.6065573765520021,0.5896413838320068
