worm,precision,recall,f1_score
sub-7_ophys,0.741176469716263,0.5384615380013149,0.62376232687482
sub-8_ophys,0.6074766349462836,0.5508474571602988,0.5777777273837081
sub-1_ophys,0.4999999996268657,0.5929203534575926,0.542510071379637
sub-9_ophys,0.663366335976865,0.5359999995712,0.5929203040214623
sub-2_ophys,0.5185185181344307,0.5785123962161055,0.5468749497222946
sub-5_ophys,0.464968152570084,0.5934959344768326,0.521428521793372
sub-3_ophys,0.47402597371816496,0.6239316233983491,0.5387453379883216
sub-6_ophys,0.46621621590120527,0.6106194684861775,0.5287355826778867
sub-4_ophys,0.48062015466618596,0.5081967208949207,0.494023854027719
