worm,precision,recall,f1_score
sub-230928-03_ses-20230928T142700_ophys,0.597701149081781,0.6753246748861529,0.6341462912626451
sub-231013-01_ses-20231013T093000_ophys,0.4705882350811818,0.6709677415026015,0.5531914406080283
sub-230928-02_ses-20230928T111400_ophys,0.6022727269305269,0.6751592352387521,0.6366365864170517
sub-2308918-03_ses-20230918T132100_ophys,0.5961538457716963,0.6241610734066033,0.609836015200219
sub-230928-04_ses-20230928T160000_ophys,0.5471698109766228,0.5799999996133334,0.5631067457944556
sub-231013-02_ses-20231013T111100_ophys,0.504761904521542,0.6503067480672965,0.5683645617491724
sub-2308918-01_ses-20230918T095400_ophys,0.5147928991036729,0.5799999996133334,0.5454544952899487
sub-2308918-04_ses-20230918T172100_ophys,0.44907407386616943,0.6217948713962853,0.5215053273644398
sub-231013-03_ses-20231013T132800_ophys,0.5414364637892617,0.6363636359504132,0.5850745768411715
