worm,precision,recall,f1_score
sub-11-YAaLR_ophys,0.39198218254076117,0.9072164943777234,0.5474338612704379
sub-7-YAaLR_ophys,0.12580645157232048,0.20312499989420574,0.155378438756542
sub-38-YAaDV_ophys,0.5153846151863904,0.6836734690389421,0.587719248972765
sub-64-YAaDV_ophys,0.38728323688228805,0.6979166663031684,0.49814121785216214
sub-55-YAaDV_ophys,0.09785932718719897,0.16666666657986112,0.12331401884610149
sub-20-YAaLR_ophys,0.3193548386066597,0.5103092780874695,0.39285709534990493
sub-70-YAaLR_ophys,0.32432432424463775,0.683937823479825,0.43999995621389326
sub-76-YAaDV_ophys,0.4493927123686669,0.5751295333807619,0.5045454050692196
